 X (m/s2), Theta (deg)
4.277241,98.512283
4.463989,99.602226
4.51307,97.469032
4.727351,93.776451
5.036203,89.702072
5.562928,86.274155
6.132748,83.288277
6.593631,80.686127
6.622362,79.527184
5.656301,81.73745
5.273229,85.079475
4.906917,88.425797
4.408922,91.631447
4.456807,93.868721
4.436456,96.776802
4.140772,97.116806
3.96001,96.072624
4.043807,94.74659
4.240131,93.178436
4.473566,91.599762
4.675876,90.376091
4.881777,89.23777
5.046977,88.429794
5.197812,87.918877
5.234922,87.747406
5.222951,88.045464
5.167884,88.906578
5.064934,89.787643
4.951209,90.597244
4.879383,91.152809
4.879383,90.865837
4.939238,90.013802
5.051765,89.286034
5.163096,88.882721
5.21098,88.667206
5.243302,88.804031
5.251681,89.023064
5.199009,89.143105
5.084087,89.26741
4.989516,89.656303
4.924873,90.231857
4.881777,90.703606
4.850653,90.845924
4.824317,90.832153
4.818331,90.819908
4.863821,90.572128
4.885368,90.201744
4.930859,89.916878
4.970363,89.619545
5.001487,89.191566
5.01705,88.815399
5.044583,88.723839
5.069722,88.744583
5.088876,88.677063
5.032612,89.678352
4.805163,89.97197
4.724957,91.339996
4.661511,90.190582
4.914099,89.777267
4.96318,89.617332
4.946421,89.580956
4.945224,89.650002
4.947618,89.740318
4.932055,89.789635
4.940435,89.70549
4.936844,89.71257
4.941632,89.874397
4.944026,90.027847
4.935647,90.090546
4.929661,89.972145
4.928464,89.979095
4.928464,89.825783
4.932055,89.763161
4.94283,89.742432
4.967968,89.763939
4.989516,89.882088
4.966772,89.958267
4.935647,90.062653
4.948815,90.132111
4.922479,90.125595
4.912902,89.979034
4.918888,90.055801
4.923676,89.993027
4.94283,89.958313
4.961983,89.951408
4.948815,89.993042
4.948815,89.972153
4.96318,89.8535
4.981137,89.839966
4.979939,89.860939
4.983531,90.062614
4.989516,90.132256
4.965574,89.944336
4.938041,89.986084
4.94283,90.097221
4.951209,90.256866
4.953603,90.410614
4.920084,90.398125
4.923676,90.286682
4.933253,90.216522
4.928464,90.125458
4.939238,90.389038
4.939238,90.389038
4.990714,90.14563
5.051765,90.239418
4.896142,90.246559
5.024232,89.891251
5.056554,89.694359
4.993108,89.895607
4.965574,90.3134
5.09127,90.587761
5.291186,90.655045
4.735731,91.419777
5.313931,91.281601
4.741716,92.137383
4.707001,92.322929
5.020641,91.629951
4.977545,90.633125
4.915296,89.801346
4.954801,89.141281
5.075707,88.966667
5.195418,89.137291
5.263652,89.608917
5.299565,89.77269
5.319916,90.087296
5.249287,89.883469
5.125986,89.401489
5.092467,89.039818
5.184644,89.302612
5.341464,90.181808
5.397728,91.193146
5.195418,92.10939
4.898537,92.513176
4.892551,91.818596
5.075707,90.829758
5.222951,90.234985
5.184644,90.654533
4.811148,91.603294
5.261258,91.670013
5.160702,91.972389
5.015852,92.251534
5.11162,91.6446
5.200206,91.161644
5.243302,91.13118
5.164293,91.418198
5.109226,92.09539
5.342661,91.960258
5.177461,91.956657
5.197812,91.744972
5.215768,90.976189
5.269638,90.405396
5.336676,89.938072
5.336676,90.254021
5.284003,90.818489
5.155913,90.881264
5.353435,90.616859
5.328296,90.75676
5.298368,90.987442
5.287594,91.323936
5.064934,90.975098
5.286397,90.625015
5.23971,91.06485
5.099649,91.347023
5.015852,91.683113
5.424064,91.656616
5.218163,91.810371
5.11162,91.713654
5.146337,91.232811
5.181053,90.823914
5.18225,90.785141
5.193024,91.226852
5.194221,91.315224
5.215768,91.198822
5.279215,91.153778
5.368997,91.494041
5.360618,91.60463
5.246893,91.377869
5.036203,91.110146
4.918888,90.623665
5.050569,90.974045
5.319916,90.649338
5.420473,90.356285
5.225345,90.438705
5.04578,91.031441
5.222951,90.692848
5.398925,90.107971
5.357026,89.891273
4.885368,90.201721
5.481525,90.172073
5.093664,90.569054
5.104438,90.918266
5.2026,91.065247
5.157111,91.03199
5.142745,91.012306
5.200206,90.860298
5.094861,90.564842
5.279215,90.095207
5.070919,90.555992
5.246893,90.280937
5.068525,90.637085
5.243302,90.330505
5.190629,90.402451
5.112818,90.25309
5.147533,89.811867
5.208586,90.124229
5.218163,90.394775
5.177461,90.278412
5.203797,90.166779
5.231331,90.173958
5.213374,90.301163
5.190629,90.252739
5.203797,90.294617
5.214571,90.447975
5.2026,90.454567
5.203797,90.675499
5.226542,91.162041
5.183447,90.517395
5.155913,90.456139
5.158308,91.038155
5.17387,90.911247
5.190629,90.161072
5.206192,90.0839
5.215768,90.306702
5.21098,90.271667
5.193024,90.174187
5.191826,90.467522
5.193024,90.670723
5.209783,90.355751
5.212177,90.117973
5.234922,90.097305
5.226542,90.111633
5.220557,89.937401
5.221754,90.145882
5.200206,90.438461
5.181053,90.591866
5.18225,90.709587
5.188235,90.536621
5.185841,90.371025
5.154716,90.245071
5.177461,90.257744
5.208586,90.488411
5.175067,90.44101
5.191826,90.51149
5.191826,90.835709
5.167884,90.944656
5.155913,90.880219
5.175067,90.6185
5.269638,90.456642
5.279215,90.104523
5.236119,89.712158
5.224148,89.670944
5.230134,90.083611
5.203797,90.663551
5.163096,90.894493
5.181053,90.891327
5.169082,90.641342
5.130774,90.508667
5.164293,90.534538
5.184644,90.549187
5.16549,90.474136
5.157111,90.558342
5.177461,90.438812
5.189432,90.36866
5.193024,90.271706
5.195418,90.195206
5.206192,90.374352
5.214571,90.610207
5.2026,90.4804
5.184644,90.223106
5.190629,90.048706
5.21098,90.187576
5.200206,90.402916
5.224148,90.602348
5.227739,90.632317
5.209783,90.369629
5.179855,90.389923
5.176264,90.41803
5.155913,90.4468
5.139154,90.579773
5.155913,90.735931
5.17387,90.902519
5.151125,90.606689
5.125986,90.43956
5.154716,90.56369
5.170279,90.648674
5.177461,90.586159
5.158308,90.453583
5.183447,90.467484
5.160702,90.426804
5.175067,90.480316
5.2026,90.645683
5.183447,90.724876
5.197812,90.578072
5.199009,90.355118
5.195418,90.279297
5.179855,90.23143
5.190629,90.272522
5.200206,90.473549
5.193024,90.521797
5.200206,90.501717
5.170279,90.544731
5.129577,90.530594
5.106832,90.539009
5.105635,90.567108
5.114015,90.467133
5.158308,90.526077
5.184644,90.552879
5.199009,90.443024
5.218163,90.352966
5.230134,90.090103
5.232528,89.937294
5.225345,89.678001
5.220557,89.657906
5.236119,89.832443
5.227739,90.055847
5.195418,90.251106
5.16549,90.563606
5.145139,90.862625
5.12,90.830841
5.093664,90.630119
5.121197,90.384079
5.137957,90.223129
5.158308,90.250465
5.18225,90.438377
5.199009,90.348511
5.2026,90.006973
5.206192,89.867836
5.214571,89.951317
5.220557,90.076408
5.227739,90.201637
5.232528,90.194618
5.220557,90.229378
5.203797,90.403709
5.176264,90.425789
5.163096,90.342522
5.204995,90.201698
5.209783,90.360977
5.206192,90.298683
5.194221,90.305977
5.170279,90.390289
5.166687,90.397575
5.155913,90.341377
5.178658,90.333351
5.181053,90.264442
5.16549,90.034836
5.177461,89.860588
5.177461,89.84687
5.169082,89.846786
5.158308,90.202347
5.16549,90.293091
5.155913,90.272438
5.160702,90.118675
5.176264,90.118515
5.189432,89.839897
5.213374,89.923592
5.227739,89.972313
5.270835,90.151878
5.298368,90.159164
5.334281,89.728485
5.334281,89.240791
5.366603,88.917854
5.372589,89.059166
5.38456,89.551193
5.407305,89.986221
5.42167,89.986237
5.453991,89.636421
5.457583,89.086037
5.44202,88.960327
5.391742,89.045563
5.352238,89.256744
5.420473,89.25721
5.559336,88.428658
5.785588,87.305862
6.01184,86.144569
6.118382,85.145248
6.101623,84.800262
6.092046,84.816765
6.06571,84.30687
6.203377,83.830093
6.357802,82.713699
6.503849,82.250397
6.625953,82.137291
6.6068,82.784737
6.236896,82.349503
5.956774,83.742249
5.552154,86.864563
5.492299,90.293808
5.46716,91.727104
5.497087,89.671021
5.677849,87.758369
5.874174,85.218826
6.125565,83.913696
6.353014,83.123276
6.338649,81.053825
6.374562,80.394279
6.374562,79.039803
6.432023,80.2397
6.914454,81.618805
7.201759,81.187164
7.52737,81.873367
7.789535,82.58152
8.159439,84.866882
8.637083,87.086395
8.948329,91.222939
9.500193,95.881134
10.424355,99.455582
11.773487,101.891464
13.348871,108.620979
15.278598,117.64035
18.478449,123.317238
21.137209,119.879715
22.282835,113.048309
23.517046,113.036736
25.583242,116.449852
27.836185,115.502686
28.771122,102.876129
26.610355,99.807411
24.173058,112.298515
22.566547,106.267647
23.270443,101.884087
25.700558,104.399261
27.594372,116.097816
27.484238,124.71331
22.986731,127.704552
19.987993,122.117386
14.633361,106.394577
2.712631,76.074394
-22.118832,82.774818
-22.118832,82.774818
-26.621128,70.490829
-21.444864,88.162384
-25.871744,129.078598
-25.871744,128.330505
-32.892738,109.414978
-17.749414,110.047386
-2.868254,151.254227
6.375759,146.178894
12.061988,123.567307
17.62731,114.401405
23.690626,98.209106
27.13229,76.556244
28.118702,65.610291
26.929981,62.419128
23.323116,60.966812
18.958487,60.615047
14.930242,61.122986
11.792641,62.911232
9.7863,67.618958
8.635885,74.529358
7.928399,82.581299
7.356185,89.337845
6.977901,92.069145
6.940791,91.911942
7.149086,90.017357
7.156269,87.016998
7.052121,87.93853
6.936002,92.394028
7.156269,99.971718
7.82066,104.943321
9.016563,105.338837
10.386047,101.942245
11.542446,95.878365
11.771092,89.860466
11.180922,86.763206
10.296265,87.72155
9.647436,93.471275
9.255983,98.753021
9.471462,99.890625
10.257957,96.884796
11.055226,92.438972
11.247959,89.790123
10.83496,91.042404
9.956287,92.723495
9.044097,96.079964
8.394072,96.295555
8.41921,94.237038
9.161413,91.171555
10.03769,88.894058
10.563218,88.848564
9.888053,94.650841
9.888053,94.627205
8.251616,99.354752
8.090008,97.926003
8.426393,95.254143
8.939949,93.600502
9.090784,93.019203
8.784326,94.621063
8.100781,95.157394
7.381324,95.835335
7.013814,95.585693
7.241263,94.624512
7.8039,93.591881
8.250419,93.233261
8.203732,93.612534
7.653066,94.999123
6.88333,96.865486
6.149507,98.308914
5.732916,98.498276
5.857414,97.02726
6.446388,94.627739
7.173028,92.182274
7.657854,90.087257
7.77517,88.006271
7.496245,87.883018
7.169437,89.258797
7.030573,91.183617
6.914454,92.069679
6.625953,91.602287
6.319495,91.478043
5.949591,94.673752
5.741296,95.644653
5.48751,96.292511
5.29358,96.687714
5.262455,96.892479
5.266047,95.793442
5.327099,95.314896
5.355829,94.853058
5.3678,94.567184
5.349844,94.121124
5.337873,93.411827
5.251681,92.900162
5.068525,92.402802
4.906917,92.496254
4.817134,92.371216
4.922479,93.119446
5.12838,93.621956
5.351041,93.941833
5.49589,94.069977
5.515044,93.954414
5.456386,92.852364
5.489904,92.641747
5.583278,92.841721
5.657499,93.117638
5.60722,93.114899
5.48751,92.816566
5.365406,92.465393
5.370194,91.947334
5.476737,91.565735
5.637148,91.622353
5.787982,91.783875
5.8634,91.796501
5.837064,91.550186
6.017826,88.589287
6.830657,81.972038
5.940014,98.5205
4.627992,100.085884
4.284424,94.988281
4.72376,92.635109
5.212177,93.811203
5.469554,94.852997
6.220136,94.36425
6.722919,95.005112
6.554127,92.880478
6.044162,91.971069
5.604826,92.59182
5.255273,93.357262
4.921282,95.040459
4.745308,96.888466
4.568137,97.284531
4.99191,97.863426
5.32231,95.818718
5.693412,93.639328
6.066907,92.817497
6.137536,93.052841
6.0286,93.110527
5.78918,94.948105
5.509058,98.338966
5.337873,101.27356
5.343858,103.995041
5.424064,105.774948
5.503073,105.031975
5.655105,102.529778
5.877765,99.658257
6.09444,96.994545
6.275203,93.682617
6.426037,93.653809
6.56131,93.421158
6.624756,93.857819
6.447585,94.99968
6.253655,95.565468
5.922058,96.299515
5.477933,97.389175
5.153519,98.548203
5.056554,99.17318
5.154716,98.977592
5.418078,98.550323
5.639542,98.207947
5.617994,98.098145
5.443218,99.043404
5.32231,99.584938
5.23971,100.048325
5.212177,100.647408
5.185841,101.022461
5.262455,101.181488
5.388151,101.28553
5.720945,100.866699
6.030994,100.256882
6.246472,99.921036
6.349423,99.210289
6.325481,98.143845
6.204574,97.865486
6.054936,98.307343
5.957971,98.945793
5.838261,99.107483
5.770026,100.070587
5.719748,100.603508
5.590461,101.422714
5.392939,101.893829
5.183447,98.410599
4.893748,100.185608
4.979939,105.369354
4.630386,106.916687
4.81474,105.36496
4.978743,102.274506
5.116409,99.316017
5.410896,97.365486
5.796362,94.6213
6.21415,91.63607
6.43322,89.474319
6.372168,88.765839
5.85502,89.335625
5.355829,91.269913
4.69503,94.759911
4.078523,98.627731
4.067749,100.278999
3.722984,104.238251
3.664326,106.22834
4.131195,105.163277
4.325125,102.998093
4.133589,102.198784
4.189853,99.660057
5.403713,103.953453
5.571307,100.546844
5.337873,98.070839
5.079299,97.246025
5.001487,96.858238
5.057751,96.948563
5.164293,96.99144
5.286397,96.865631
5.390545,96.743965
5.438429,96.650375
5.398925,96.708748
5.324705,96.84993
5.29358,97.147614
5.334281,97.733643
5.419276,98.25441
5.473145,99.053093
5.368997,99.066948
5.200206,98.865799
5.00867,98.714615
4.879383,98.842682
4.790798,99.329185
4.776433,99.685883
4.830302,99.920784
4.916493,99.782097
5.002685,99.458015
5.079299,99.016792
5.12838,98.511658
5.134366,98.025101
5.118803,97.728554
5.05416,97.655975
5.011064,97.70842
4.972757,97.831017
4.948815,98.034851
4.936844,98.203392
4.957195,98.227524
4.955997,98.028099
4.96318,97.778572
4.959589,97.667511
4.961983,97.798203
4.966772,97.949387
4.969166,98.219894
4.988319,98.544792
5.011064,98.708931
5.023035,98.634995
5.025429,98.530098
5.048174,98.341896
5.080496,98.283577
5.098453,98.399834
5.117606,98.620491
5.121197,98.80806
5.098453,98.971878
5.069722,98.953613
5.073313,98.881142
5.086482,98.702736
5.133168,98.506737
5.185841,98.611946
5.209783,98.736122
5.193024,98.886414
5.149928,98.848175
5.098453,98.649391
5.098453,98.649391
5.104438,98.503273
5.12838,98.505966
5.158308,98.640373
5.170279,98.62339
5.221754,98.699852
5.195418,98.838974
5.148731,98.971931
5.072116,99.00737
5.002685,99.025261
4.967968,99.178383
4.983531,99.232956
5.019444,99.195946
5.084087,99.185432
5.114015,99.093292
5.099649,98.859451
5.079299,98.721252
5.105635,98.628777
5.122395,98.592628
5.121197,98.467041
5.123591,98.479713
5.106832,98.571518
5.070919,98.776421
5.021838,98.839592
4.984728,99.008461
4.951209,99.146233
4.922479,99.097481
4.935647,99.060791
4.984728,98.907455
5.012261,98.830284
5.033809,98.626976
4.997896,98.290337
4.973954,98.057854
4.93445,97.892731
4.905719,98.093369
4.922479,98.459808
4.972757,98.690918
5.00029,98.78141
4.989516,98.713509
4.935647,98.510757
4.891354,98.295029
4.849455,98.283478
4.857835,98.51413
4.900931,98.889893
4.96318,99.077942
5.00867,99.102303
5.04578,98.826225
5.073313,98.431442
5.100847,98.062149
5.098453,97.757393
5.124789,97.641022
5.125986,97.684387
5.085284,97.695168
5.046977,97.764122
5.018247,97.948631
4.979939,98.02356
4.966772,98.204735
4.959589,98.302345
4.977545,98.345337
5.001487,98.335213
5.023035,98.183868
5.04578,98.068329
5.06254,97.996277
5.048174,98.125237
5.025429,98.252625
5.002685,98.222778
4.982334,98.272896
4.977545,98.291344
4.995502,98.350746
5.013458,98.203819
5.021838,98.136894
5.035006,97.928307
5.029021,97.993423
5.014656,97.831314
5.019444,97.867149
5.036203,97.874062
5.042189,98.078461
5.042189,98.099289
5.043386,98.150414
5.0374,98.139626
5.051765,98.049255
5.092467,98.065041
5.110424,97.954063
5.123591,97.935822
5.12838,97.858574
5.12838,97.811386
5.143942,97.662796
5.159505,97.584412
5.163096,97.630722
5.172673,97.640144
5.176264,97.534279
5.181053,97.293785
5.197812,97.056641
5.213374,96.828537
5.224148,96.815773
5.222951,96.763382
5.204995,96.809593
5.197812,96.718124
5.201403,96.537712
5.218163,96.308632
5.274426,96.042038
5.274426,96.24852
5.329493,96.45755
5.352238,96.545258
5.355829,96.510292
5.392939,96.348969
5.430049,96.15612
5.439626,96.315788
5.437232,96.403313
5.337873,95.435783
5.353435,94.727592
5.534197,94.942001
5.697003,95.13842
5.726931,94.604034
5.750873,94.376389
5.760449,94.14624
5.767632,93.780602
5.748478,93.261314
5.643134,92.765137
5.737704,92.719612
5.902905,93.312828
6.005855,92.941414
5.914876,92.785347
5.93762,93.726501
6.014235,94.940712
6.041768,95.099579
6.058527,94.207123
6.016629,93.07476
6.008249,92.730759
5.985504,94.945091
6.0286,93.273445
6.019023,94.982323
5.85502,95.652824
5.556942,95.401398
5.63236,95.856102
5.78918,95.79985
5.980716,95.722847
5.849035,95.014206
5.579687,94.43663
5.799953,94.829323
6.054936,95.055405
6.189012,94.730309
6.171055,94.866852
6.1112,94.703964
6.224925,94.178246
6.386533,93.575569
6.394913,92.219444
6.384139,91.431023
6.500257,91.425117
6.465542,90.973923
6.416461,92.583336
6.505046,92.974548
6.567295,93.366005
6.612785,93.846863
6.613982,93.64772
6.605602,92.979973
6.631939,93.145706
6.724115,93.139145
6.801927,92.570801
6.882133,92.34568
6.859388,92.293091
6.716933,91.965027
6.576872,92.856018
6.564901,93.667412
6.629545,94.358482
6.71813,94.467285
6.787562,94.392868
6.770802,93.682961
6.58166,92.224007
6.477513,94.15081
6.573281,96.160789
6.72651,95.552147
6.720524,94.579239
6.634333,93.585968
6.551733,93.266228
6.570887,94.383598
6.730101,94.542877
6.676231,93.311378
6.47871,93.94841
6.443994,94.499245
6.452374,93.119713
6.597223,92.036301
6.82946,91.525162
6.704962,90.297363
6.469133,89.972107
6.364985,90.809059
6.38773,91.544601
6.48709,92.746506
6.530185,92.629349
6.558916,92.010635
6.591237,91.71286
6.545747,91.511749
6.46195,91.976204
6.285976,92.886101
6.106411,93.872139
6.004658,95.198273
6.048951,95.970863
6.228516,95.816986
6.609194,95.276344
6.609194,95.331276
6.586449,95.690071
6.556521,95.64827
6.597223,95.140747
6.671443,94.241211
6.746861,93.274086
6.798336,92.887985
6.807912,92.992226
6.807912,93.544182
6.780379,94.067238
6.776788,94.440086
6.775591,94.310951
6.742072,93.815567
6.720524,93.195419
6.682217,93.094147
6.646304,93.429268
6.611588,93.465393
6.554127,93.85154
6.502652,94.27121
6.46195,94.53875
6.455965,94.361084
6.473921,94.206345
6.452374,93.824753
6.409278,93.950233
6.392519,94.370483
6.406884,94.524292
6.398504,94.602524
6.445191,94.818214
6.475119,94.975655
6.47871,94.547836
6.519411,94.074646
6.563704,93.93631
6.617573,93.653908
6.63553,93.515236
6.655881,93.867302
6.654684,94.001625
6.652289,93.778023
6.659472,93.616661
6.665458,93.528427
6.645107,93.40683
6.640318,93.253624
6.646304,93.125
6.72651,92.750381
6.847417,92.209641
7.024588,91.817513
7.174225,90.466621
7.301118,88.846397
7.546524,86.609627
7.546524,86.533157
8.221688,83.509506
8.580819,82.105034
8.76996,81.044449
8.568848,80.442871
8.221688,78.521919
7.862558,76.943626
7.649475,79.418915
7.544129,82.82795
7.190985,86.498146
6.979098,86.230804
7.228095,85.909126
7.733272,83.675735
8.35337,82.576546
8.848969,89.320541
8.42759,82.320839
8.540117,91.52903
8.649054,86.822952
8.754398,92.868347
8.942344,91.115517
9.300277,97.403999
9.61272,100.304642
9.983821,94.733253
10.92594,93.804832
12.09431,96.969521
13.708002,104.511856
16.509218,112.296745
19.72463,111.215172
22.961592,108.680603
26.048914,110.343124
27.404032,112.472977
26.121937,106.610809
22.669498,99.568672
20.54225,110.824318
20.752941,117.731789
22.772449,114.434814
24.734497,110.579399
26.914419,106.981628
28.91238,109.03392
30.656555,118.38813
31.250319,116.279884
27.105955,106.512642
19.13446,101.859123
8.519767,94.206551
-0.93733,97.636917
-13.746309,119.742973
-28.597542,82.649025
-33.636139,87.002327
-39.195477,92.578667
-39.195477,99.299225
-10.693702,130.404373
5.81791,159.536667
14.784196,149.10347
24.525005,111.724846
33.255463,89.463936
31.144974,63.559799
22.971169,42.077805
18.629284,41.420433
17.330429,49.487385
16.304514,52.020214
12.624625,51.526848
9.072827,55.935204
6.930017,70.344643
5.494693,88.104843
3.87741,104.877937
1.947683,102.150322
0.657208,57.917831
0.669179,51.787907
1.644817,55.866116
2.90297,58.078457
4.175488,57.831944
5.63236,58.537189
7.319075,64.05275
8.784326,66.349609
9.818622,66.455559
10.474632,67.664795
10.417171,69.135536
9.600749,69.595055
8.256405,69.464317
7.062895,71.236855
6.397307,75.525848
6.198588,78.541191
6.245275,80.241783
6.356606,83.354401
6.426037,84.928749
6.374562,85.772057
6.233304,86.612328
6.194997,87.95755
6.266823,90.74424
6.566098,92.004791
7.327454,91.086075
8.26239,87.812744
9.153033,85.076912
9.625888,82.666756
9.685743,82.208153
9.349358,83.343468
9.267955,86.138573
9.546879,92.447281
10.96664,92.7957
11.349713,91.920135
10.927136,90.348877
9.945514,92.063828
8.833407,93.316223
8.073248,97.380211
7.841011,98.848907
8.268375,97.342545
9.175778,94.064064
9.994595,89.875275
9.946711,86.319229
8.959103,84.029732
7.605182,86.506691
6.307524,90.436729
5.483919,92.440681
5.571307,91.624886
6.327875,90.770294
6.691794,90.632645
5.89213,92.329659
4.001908,96.825325
1.679533,98.36116
1.534683,98.505043
3.234566,100.332909
4.724957,96.66069
5.292383,102.632965
6.069301,107.993988
9.601946,101.995979
12.768278,89.98568
13.723564,82.280663
12.921507,78.350594
10.675745,76.514923
7.858967,80.156273
5.058948,88.192894
2.96881,97.322456
1.816002,105.28418
1.322796,108.582146
1.16837,107.813896
1.189918,106.793922
1.353921,106.460152
1.728614,106.701134
2.310405,105.573738
3.027468,103.077232
3.694253,99.933006
4.056975,96.890198
3.926491,94.62635
3.482366,93.728363
2.979584,93.592239
2.594118,93.757523
2.408567,93.556046
2.734178,91.491356
3.143587,90.206894
3.537433,88.623917
3.871424,87.265167
4.028244,86.71228
3.99712,86.704147
3.800795,87.343056
3.518279,88.457924
3.198653,89.712563
2.958036,90.782196
2.776077,91.863495
2.676718,92.343193
2.642002,92.657021
2.579752,93.149834
2.56419,92.494446
2.604892,91.950447
2.6839,91.65213
2.821567,90.473022
2.924517,90.93586
3.090914,89.745888
3.488352,86.929443
3.739743,88.921722
3.420117,95.393974
3.286042,94.727066
3.606865,90.490318
4.134786,94.694878
4.657919,92.652679
4.141969,91.322067
3.055001,94.335854
1.843535,95.873657
0.948104,96.314598
0.624887,96.686699
0.68953,96.051247
0.952892,95.189499
1.319205,94.358894
1.636437,93.619499
1.831564,92.899925
1.900996,92.521645
1.879448,92.137672
1.867477,91.586365
1.942895,91.441605
2.006341,91.508301
2.035071,91.337593
1.951274,91.420372
1.808819,91.571526
2.155979,91.715088
2.808398,92.014549
2.486378,92.261543
1.66397,92.59124
1.198298,91.726364
1.347936,90.847786
1.464054,90.399376
1.574188,90.70787
1.599327,91.540741
1.638831,92.053947
1.759738,93.286018
1.964442,93.394737
2.147599,93.62204
2.207454,93.393539
2.213439,93.139252
2.169147,93.201401
2.206257,93.23735
2.237381,93.025543
2.280477,92.783234
2.213439,92.402496
2.014721,92.043571
1.806425,91.719513
1.71784,91.653435
1.62686,91.184181
1.660379,90.805664
1.771709,91.050484
1.793257,91.271553
1.76333,91.801979
1.697489,92.255997
1.695095,93.14946
1.721431,93.870628
1.637634,93.841446
1.54426,93.359314
1.502362,93.123138
1.528698,92.950989
1.643619,92.505653
1.774103,91.814972
1.854309,91.393265
1.831564,91.26844
1.745373,91.499924
1.747767,92.130661
1.70108,92.2155
1.729811,92.061226
1.880645,92.213104
2.047042,91.98996
2.230199,91.906052
1.9405,92.918869
1.9405,92.918869
1.885434,95.923065
4.047398,112.45871
3.818752,114.160614
3.818752,114.160614
4.305972,111.152298
5.250484,103.293533
5.105635,101.568634
5.063736,99.379501
5.185841,96.625984
5.555745,95.518372
5.926847,97.240707
5.989096,98.161743
5.814319,98.970215
5.370194,100.369743
4.525041,102.1483
3.78643,103.653656
3.581726,108.930901
3.918111,103.356651
4.790798,99.97599
5.628768,97.052521
5.97473,104.084244
5.50427,107.218445
4.752491,108.356148
4.068946,108.678955
3.606865,108.644127
3.451242,108.337837
3.579332,107.41243
3.90614,105.82782
4.272453,104.425934
4.599261,103.470566
4.818331,102.774864
4.92607,102.173996
4.979939,101.469963
4.987122,101.319885
5.030218,101.265144
5.06254,101.298134
5.098453,101.438507
5.096058,101.582924
5.075707,101.769768
5.029021,101.83844
4.965574,101.994392
4.929661,102.094185
4.882974,102.269463
4.841076,102.600433
4.809951,102.894836
4.770447,103.228333
4.735731,103.321724
4.709395,103.323349
4.692636,103.265244
4.696227,103.185394
4.717774,103.068008
4.746505,102.970741
4.750096,102.828506
4.753687,102.59716
4.763264,102.462578
4.776433,102.430626
4.801571,102.403564
4.817134,102.393181
4.844667,102.367508
4.848258,102.462471
4.84347,102.417068
4.811148,102.500389
4.776433,102.542488
4.758476,102.644203
4.753687,102.842934
4.76087,102.906769
4.781221,102.852516
4.787206,102.804276
4.801571,102.787201
4.884171,102.755325
4.947618,102.767891
5.006276,102.854324
5.072116,102.893471
5.103241,102.908463
5.12,102.883278
5.085284,102.879288
5.011064,102.876129
4.909311,102.901215
4.775235,102.882675
4.666299,103.074989
4.568137,103.40638
4.51307,103.452431
4.51307,103.420784
4.527435,103.292404
4.525041,102.969543
4.516662,102.70742
4.560954,102.550438
4.636372,102.370407
4.734534,102.544853
4.809951,102.602577
4.859032,102.625351
4.894945,102.516975
4.923676,102.023987
5.001487,101.394066
5.075707,100.722656
5.153519,99.926033
5.201403,99.282066
5.220557,98.903503
5.188235,98.624306
5.12,98.671188
4.896142,98.825394
4.781221,99.606232
4.776433,100.613686
4.808754,100.835106
4.836287,100.092094
4.841076,99.574135
4.780024,100.011314
4.625597,100.978035
4.468778,101.296623
4.388572,99.877472
4.437653,97.735016
4.666299,96.325951
4.935647,96.341324
5.072116,97.436722
5.011064,98.923256
4.747702,100.371094
4.404134,101.356911
4.200627,101.96228
4.198233,102.150261
4.392163,101.855171
4.668694,100.925407
4.909311,99.469917
5.060145,98.12191
5.12,96.911247
5.081693,95.785896
5.00867,94.763741
4.921282,93.699646
4.85185,92.859482
4.7896,92.144279
4.765658,91.61689
4.777629,91.309608
4.782418,90.848648
4.776433,90.588943
4.721366,90.42276
4.635174,90.211563
4.49272,90.358932
4.394557,90.173569
4.361038,89.368355
4.353856,88.026871
4.477157,87.980881
4.691438,88.372368
4.765658,87.437431
4.696227,85.350121
4.56694,84.005089
4.486734,84.981636
4.565742,88.079559
4.650737,88.869911
4.61243,88.46566
4.564546,88.43885
4.675876,89.436783
5.069722,91.311073
5.266047,91.787544
5.323507,91.629387
5.18225,91.101654
4.898537,90.055229
4.563348,88.363792
4.41012,87.499992
4.390966,86.813881
4.647145,86.993004
4.922479,87.326675
4.999093,86.468002
4.91769,85.800507
4.683059,84.108879
4.369418,82.172081
3.98874,80.14093
3.768473,79.180519
3.738546,78.733414
3.809175,78.160194
3.809175,78.286995
3.5925,77.176544
3.533842,77.893791
3.485958,76.686508
3.626019,76.267799
3.799598,77.230461
4.096479,80.135834
4.329914,82.338966
4.511873,82.358871
4.690241,81.457779
4.768053,79.597992
4.875792,78.075546
4.954801,77.406807
5.036203,76.804832
5.13676,75.992561
5.232528,75.90905
5.305551,75.286636
5.318719,75.260292
5.404911,75.302864
5.499481,75.22374
5.695806,75.089363
5.866991,75.535011
5.899313,76.403938
5.791574,76.135101
5.649119,75.658653
5.549759,74.654541
5.558139,74.113678
5.796362,74.414429
6.054936,74.443649
6.221333,74.63636
6.228516,75.239105
6.130353,76.312424
6.004658,76.137222
6.040571,75.865456
6.184223,75.630379
6.366182,76.334518
6.540959,76.173805
6.566098,76.760612
6.550536,77.090363
6.524199,76.057274
6.495469,75.714493
6.523003,76.335365
6.630742,77.351563
6.71813,78.036064
6.750452,78.265755
6.742072,78.169395
6.690597,77.924042
6.698977,77.557106
6.731298,77.712524
6.80911,78.812492
6.884527,79.614708
6.852205,79.240898
6.79235,78.470161
6.775591,78.415268
6.858191,78.562088
6.89171,77.702393
6.922834,77.363823
6.924031,77.432343
6.867768,77.851387
6.892907,78.694527
6.980295,78.171379
7.04853,77.137154
7.103596,77.473236
7.192182,78.017387
7.208941,77.558701
7.222109,77.128036
7.180211,77.354034
7.050924,76.745613
6.932411,76.749763
6.919243,76.737762
7.010222,77.606804
7.132327,79.059708
7.171831,78.693428
7.127539,77.571297
7.100005,77.780075
7.088034,78.915176
7.04015,79.639366
7.006631,78.83577
7.068881,78.009033
7.186196,76.918472
7.273585,77.059723
7.133524,78.305168
7.091625,78.531044
7.16824,78.235733
7.258022,76.963997
7.383718,76.25795
7.450756,76.630043
7.398083,76.613922
7.37893,76.67057
7.405266,76.359207
7.474698,76.238541
7.505822,75.649765
7.478289,75.724327
7.431602,76.862389
7.292738,77.655594
7.186196,78.00386
7.19697,78.452202
7.228095,77.998177
7.283162,77.670876
7.381324,77.40094
7.423223,77.242317
7.400477,77.899017
7.329848,78.076462
7.267599,78.211075
7.265205,78.104965
7.314286,77.520294
7.382521,77.089157
7.432799,77.166489
7.472303,77.161034
7.477092,77.120293
7.406463,77.399834
7.344213,77.339096
7.366959,77.622444
7.489063,75.963516
7.547721,74.152588
7.679402,74.490868
7.767987,73.325256
8.268375,75.534454
8.163031,80.2239
7.845799,69.769768
8.007407,67.940933
8.317456,69.847588
8.244433,71.155327
7.879318,69.660263
8.292317,76.167664
8.5473,74.006233
8.184579,63.763386
7.787141,56.38802
9.091981,79.280357
9.376891,63.836346
9.582792,74.928665
12.126632,95.779709
11.404779,81.631332
11.69807,79.420532
13.302185,93.018105
14.003686,91.141006
16.373945,92.059906
21.297621,100.170845
25.628733,99.489594
29.565996,102.300201
30.903158,109.890724
25.473108,108.864845
19.323603,89.953316
19.887436,109.432343
21.979969,113.141289
23.560143,107.281349
24.802732,105.220535
26.417622,101.24379
27.455507,106.485352
28.939913,117.477051
28.271931,117.891975
25.087643,115.235329
19.776106,116.63929
11.467029,119.997719
-0.19393,112.117645
-19.370289,120.509567
-39.04105,99.969994
-39.195477,55.211411
-39.195477,68.782646
-37.357925,62.300041
-28.002583,57.174259
-14.569915,77.817345
-2.396596,170.416168
4.39336,164.085129
10.04607,144.036835
17.082628,124.671272
24.460361,111.613594
30.909143,101.810768
32.55875,83.256035
28.304253,64.357475
22.631191,55.575546
16.470911,51.733662
11.587936,45.847092
9.989806,42.837204
10.747571,46.886581
11.415554,55.444263
11.148601,64.768326
10.162189,73.928757
8.948329,83.447701
7.43639,94.075279
7.471107,93.366508
8.066066,89.447884
9.028535,86.458832
9.938332,83.834946
10.475829,81.462013
10.516531,79.344154
10.103531,77.402008
9.516952,77.082298
8.959103,79.428627
8.508993,83.454315
8.098388,87.150894
7.94875,90.26152
8.171411,92.53437
8.706514,93.471756
9.445126,92.322121
10.16578,89.222672
10.545261,85.412338
10.473435,82.049416
9.129091,81.799156
8.482656,86.596237
8.145074,94.435173
8.073248,100.751564
8.090008,103.047058
8.032547,100.500221
7.809886,96.905602
7.389704,91.029869
7.04015,87.392677
7.009026,89.441582
7.381324,91.974518
7.960721,92.475494
8.613141,90.408844
9.167398,87.71566
9.355343,85.603958
9.136273,85.705193
8.637083,86.509865
8.119935,88.817314
7.872135,91.674675
7.898471,91.17057
8.148665,87.785728
8.591593,85.282257
8.961497,83.47731
9.337387,83.538536
9.724051,84.789085
10.044873,85.547112
10.158598,82.845566
9.755175,79.388016
9.755175,79.388016
9.107543,87.18531
7.053318,91.486511
5.947197,94.802422
5.200206,97.127098
5.127183,98.484818
5.645528,96.929596
6.593631,93.014351
7.72968,88.328194
8.603564,83.705765
8.993818,80.177422
9.015367,79.017754
8.688558,77.978256
8.084022,75.980179
7.496245,74.908348
6.904878,75.788803
6.244078,78.410805
5.576096,83.044456
4.953603,86.834244
4.455609,89.811844
4.068946,91.405388
3.916914,91.456139
4.016273,90.740944
4.21978,89.800232
4.247314,88.200615
4.122815,87.250839
3.912126,86.889221
3.664326,86.975998
3.50152,86.867516
3.408146,86.365372
3.384204,84.56076
3.392584,82.94146
3.369839,81.081245
3.258508,79.793053
3.112462,80.767235
2.719813,84.188705
2.184709,87.608139
1.608904,91.036942
1.158794,93.764519
0.88346,95.527946
0.881066,96.379601
1.158794,95.634483
1.711854,93.643311
2.357092,91.060326
2.900575,88.06665
3.24534,85.311966
3.377022,83.246918
3.272874,82.032303
3.015497,81.394684
2.75812,81.347214
2.658761,82.236649
2.843115,84.882751
3.021482,85.981491
3.175909,86.950668
3.281253,87.624817
3.301604,88.516541
3.286042,89.421555
3.258508,89.675003
3.215413,89.148758
3.242946,88.522224
3.341109,87.699692
3.384204,87.975357
3.400964,87.948494
3.33632,87.956741
3.270479,88.513962
3.270479,89.146111
3.38181,90.105148
3.500323,90.99379
3.5925,90.651054
3.63799,90.175102
3.669114,90.287735
3.720589,90.182228
3.776853,89.895309
3.849876,90.152809
3.910928,90.034508
3.98036,90.157364
4.101267,89.919106
4.363432,86.054794
4.426879,92.673004
3.982754,94.030968
3.355474,92.232063
3.210624,90.970291
3.269282,88.915733
3.403358,88.44072
3.470395,89.213219
3.701436,90.486771
3.920505,90.819649
4.053383,90.149857
4.186262,89.034317
4.250905,88.10717
4.353856,88.631119
4.351461,88.942604
4.220978,90.351318
4.061763,91.913101
3.946841,93.152657
3.890578,92.989304
4.106056,93.001869
4.256891,88.89991
4.256891,86.682159
3.94325,86.516335
4.175488,92.068886
3.926491,97.21254
3.441665,99.46505
3.309984,100.636948
3.409343,99.964836
3.550601,97.572105
3.736152,94.409607
3.920505,92.188171
3.924097,90.936317
3.679888,90.12104
3.435679,90.789017
3.252523,91.750717
3.106477,93.662445
3.015497,95.206223
3.209427,96.187683
3.517082,95.094032
3.696647,92.914833
3.806781,90.827454
4.029441,89.448326
4.19943,88.954475
4.211401,89.501175
4.159925,89.828804
4.146757,90.14415
4.055778,91.664284
3.763685,93.106499
3.41892,93.874939
3.154361,94.659081
3.084929,95.060425
3.214216,94.719826
3.484761,94.916557
3.739743,94.181267
4.006697,93.152336
4.174291,92.982323
4.180276,92.790703
4.139575,92.258484
3.910928,90.958961
3.483563,94.436241
3.343503,96.170525
7.31668,96.886337
7.879318,103.718605
7.855376,97.006386
7.973889,90.028252
8.456321,82.079338
8.86932,79.443268
8.974665,79.175659
9.254786,80.497841
9.518148,79.296204
9.379285,75.879974
9.021352,74.618553
8.550891,78.156929
8.034941,84.062782
8.12592,88.305244
8.39886,89.959557
8.06008,88.39315
7.835025,87.835091
7.842207,88.719437
7.885303,90.213593
7.625533,89.468727
8.534132,89.547508
7.246051,91.848312
6.420052,86.23909
7.520187,88.492294
8.2169,88.275978
8.110358,87.206581
8.127118,86.000443
8.259995,84.701332
8.303091,83.561775
8.343793,83.833237
8.336611,84.596329
8.293514,85.371033
8.251616,85.52137
8.268375,85.453163
8.315063,85.805267
8.312668,85.838272
8.334216,85.937492
8.334216,86.067352
8.271967,85.981743
8.238448,86.369179
8.218098,86.603706
8.204929,86.489433
8.209718,86.430382
8.215703,86.228416
8.234857,85.906769
8.240842,85.974442
8.22528,86.178429
8.200141,85.921356
8.190564,85.699249
8.173804,85.976707
8.131907,86.074471
8.104373,85.764755
8.157045,85.653099
8.197746,85.796875
8.170214,85.51516
8.177396,85.510826
8.196549,85.960022
8.167819,86.154282
8.117541,85.900833
8.110358,86.003479
8.128315,86.360207
8.147469,86.482887
8.141483,86.455971
8.14268,86.643173
8.098388,86.730408
8.067263,86.583961
8.091205,86.732674
8.103176,86.911583
8.092402,86.698479
8.119935,86.744377
8.147469,86.077507
8.190564,86.062103
8.206126,86.234993
8.171411,86.345612
8.152257,86.561951
8.165425,86.741898
8.194156,86.472786
8.221688,86.247154
8.2169,85.936958
8.201338,85.96344
8.204929,85.903946
8.219295,86.096169
8.194156,86.053726
8.169016,86.042747
8.191761,86.242958
8.210915,86.242012
8.206126,85.718544
8.220491,85.594467
8.250419,86.07692
8.180987,86.442741
8.101978,86.122414
8.10557,86.188911
8.12592,86.347542
8.159439,86.332558
8.183381,86.275917
8.17979,86.186432
8.15106,86.118912
8.123527,86.095772
8.117541,86.137123
8.131907,86.215836
8.155849,86.1567
8.172607,86.051178
8.185776,86.364319
8.139089,86.247482
8.1343,85.863457
8.167819,86.025452
8.160637,85.960724
8.167819,85.986168
8.176199,86.392982
8.188169,86.630089
8.147469,86.190643
8.140285,85.934067
8.152257,86.116615
8.143877,86.362007
8.140285,86.436478
8.161834,86.667999
8.169016,86.660461
8.196549,85.763794
8.218098,85.847496
8.227674,86.104469
8.234857,86.282768
8.238448,86.124611
8.23366,85.962814
8.23366,85.688225
8.230068,85.59771
8.250419,85.769119
8.248025,86.185165
8.210915,86.180962
8.184579,86.100632
8.171411,85.981544
8.154651,85.817993
8.148665,86.002296
8.128315,86.283569
8.11395,86.222527
8.12233,85.880936
8.146272,85.821594
8.152257,85.705147
8.161834,85.87281
8.147469,86.143921
8.103176,86.194252
8.08881,86.219383
8.084022,86.239876
8.104373,86.313728
8.137892,86.293526
8.14268,85.915306
8.157045,85.858261
8.170214,86.055367
8.176199,86.254623
8.152257,85.842125
8.185776,85.895714
8.210915,86.143913
8.201338,86.306389
8.171411,86.264099
8.169016,86.346123
8.172607,86.539917
8.210915,86.510353
8.261193,86.034653
8.331821,85.546371
8.380903,85.211159
8.35337,85.374344
8.315063,85.558044
8.305486,85.692711
8.2995,85.587646
8.328231,85.697182
8.323442,85.889503
8.215703,86.118065
8.201338,86.134697
8.200141,86.377823
8.208521,86.345131
8.221688,86.353592
8.212111,86.247902
8.194156,86.196411
8.185776,86.43634
8.170214,86.766754
8.143877,86.970917
8.147469,86.675819
8.182184,86.205643
8.208521,85.862755
8.243237,85.753296
8.238448,85.656845
8.221688,85.940964
8.170214,86.043571
8.160637,86.199936
8.167819,86.256149
8.186973,85.998451
8.222886,85.683487
8.238448,85.762512
8.22528,85.946022
8.188169,86.072533
8.161834,86.061081
8.196549,85.906799
8.257602,85.929077
8.258799,85.677788
8.244433,85.500481
8.24563,85.68161
8.207323,85.97702
8.184579,86.033569
8.184579,86.075676
8.2169,86.012085
8.267179,85.974487
8.287529,85.804947
8.283937,85.529671
8.269572,85.692513
8.236053,85.858826
8.227674,85.793053
8.259995,86.039955
8.256405,85.972946
8.283937,85.897705
8.295909,86.192505
8.269572,85.710907
8.258799,85.720848
8.250419,86.131783
8.251616,86.415718
8.310274,86.338654
8.310274,86.34465
8.294712,86.279999
8.297106,86.302956
8.304289,86.049782
8.307879,86.072281
8.2995,86.390877
8.274361,86.474266
8.273164,86.330421
8.285135,86.282028
8.264784,86.10466
8.250419,86.287231
8.230068,86.409355
8.220491,86.406609
8.22528,86.541946
8.22528,86.181473
8.261193,86.130135
8.249222,86.336838
8.246828,86.264412
8.261193,86.284081
8.276755,86.164925
8.312668,86.229073
8.322245,86.421364
8.316259,86.234612
8.301894,86.143196
8.297106,86.047913
8.327033,86.143845
8.334216,86.195724
8.313866,86.369568
8.288726,86.46077
8.286332,86.540588
8.312668,86.765701
8.305486,86.792725
8.274361,86.43116
8.277952,86.561211
8.248025,86.779305
8.219295,86.915207
8.238448,86.762962
8.273164,86.645828
8.305486,86.462128
8.333019,86.048439
8.334216,86.139046
8.298303,86.405998
8.258799,86.615021
8.275558,86.786263
8.269572,86.572426
8.271967,86.005669
8.307879,85.906555
8.329428,86.33577
8.257602,86.518555
8.178593,86.857376
8.178593,86.857376
8.250419,86.269989
8.285135,86.438606
8.265982,86.426567
8.250419,86.717186
8.210915,87.010002
8.200141,86.78466
8.297106,86.334015
8.408437,86.049248
8.358158,86.273842
8.300697,86.392159
8.276755,86.306725
8.298303,86.457268
8.356961,86.371513
8.401254,86.101898
8.380903,86.217339
8.293514,86.93676
8.23366,87.590462
8.255207,87.273209
8.280347,86.859184
8.295909,86.814484
8.237251,86.815842
8.230068,86.916267
8.213309,87.113098
8.240842,86.867729
8.271967,86.741646
8.2995,86.501892
8.293514,86.326454
8.283937,86.809425
8.246828,87.046448
8.2169,87.012009
8.293514,86.981316
8.379706,86.505684
8.42759,86.131172
8.444349,86.453072
8.418014,86.844398
8.359355,87.237495
8.340201,87.472168
8.3821,87.317635
8.475474,87.235184
8.514978,87.140388
8.453926,87.07975
8.421604,87.342087
8.380903,87.089485
8.397662,86.360634
8.462306,85.774948
8.543709,85.099632
8.775947,83.009972
8.874108,82.388077
8.962694,82.764458
9.123106,83.284767
9.348161,82.703644
9.690532,81.129501
10.110714,78.529587
10.654198,78.896866
10.982203,82.957153
11.097125,86.610001
11.489774,88.155952
12.419921,88.095703
13.764266,86.923103
15.096639,88.186768
16.047136,91.539154
16.249447,96.116455
16.038757,101.593925
17.593792,101.184883
22.498314,98.53141
28.761545,100.693314
31.906328,107.959183
29.658173,113.06871
24.934414,108.721794
21.659145,104.843254
20.981586,105.951767
21.750126,111.629639
21.390995,114.05912
20.446482,112.420311
21.353886,108.858208
23.585281,114.626373
26.846184,122.49823
28.550856,124.799286
28.741194,124.606392
22.452824,126.337395
11.950658,122.890221
0.19393,116.556374
-17.033548,128.076813
-39.138016,93.65377
-39.195477,56.187572
-39.195477,61.495121
-39.195477,56.497223
-32.710781,68.128456
-18.5814,99.788849
-6.010643,151.455154
2.06859,167.521606
7.523779,151.489136
15.37676,144.017349
27.964275,135.743225
38.476017,122.221413
38.540661,87.6884
29.227217,61.784508
22.572535,56.110088
16.062698,51.834019
11.139024,46.973091
8.025364,42.635803
6.766014,41.056789
6.99466,48.423027
7.993042,59.686893
8.614338,66.046928
9.01417,70.372589
9.366117,78.003548
9.637859,87.593872
9.848549,93.139473
10.095152,96.630943
10.41358,99.664345
10.639832,101.399811
10.55843,101.467514
10.044873,99.432747
9.167398,97.451706
8.214506,97.901497
7.466318,99.440285
7.275979,100.835709
7.514202,99.024994
8.117541,95.027321
8.977059,92.497543
9.756371,90.870415
10.140641,90.531792
10.235212,92.316376
10.225636,95.353554
10.31901,98.086731
10.405201,99.049858
10.305841,98.705963
9.76954,98.122795
8.880095,97.906395
7.949947,99.307388
7.218518,101.401352
6.982689,104.682755
7.24246,105.500938
7.920019,103.632935
8.883685,99.784813
9.782708,95.371277
10.263943,91.163307
10.053253,87.809814
9.423578,86.232819
8.684967,85.246307
8.288726,86.993073
8.218098,89.774307
8.226477,90.28299
8.27077,89.66275
8.452729,89.856606
8.135497,91.960312
7.389704,95.503517
5.655105,103.732849
4.718972,104.760155
3.908534,104.721016
3.54701,104.339157
3.804387,100.639938
4.660314,95.255867
5.853823,90.601166
7.016208,87.399773
7.661446,84.39402
7.637504,81.696388
7.199365,80.184639
6.625953,80.362633
6.186617,82.792809
5.895722,86.544327
5.629965,89.71521
5.318719,92.100044
5.011064,94.352554
4.745308,95.579025
4.419696,95.579414
4.127604,95.161186
4.024653,94.80603
4.080917,94.46402
4.240131,94.094551
4.395754,93.853874
4.472369,92.836395
4.43885,91.491135
4.220978,90.021545
3.884592,88.782631
3.580529,87.903999
3.412935,87.849609
3.35308,88.294136
3.415329,88.276741
3.665523,87.771866
3.91452,87.794449
4.14556,86.441017
4.315548,85.477386
4.285621,85.765038
4.149151,86.317421
4.037821,87.606194
3.901352,89.428818
3.825934,91.199821
3.900155,91.945244
4.091691,92.235893
4.314352,91.735176
4.489128,90.818855
4.596867,89.567871
4.444836,89.273468
4.267664,90.090454
4.067749,91.097099
3.882198,92.403984
3.718195,93.053429
3.643975,92.916664
3.649961,92.9104
3.696647,93.511383
3.773262,94.436096
3.776853,95.506203
3.706224,95.768715
3.669114,95.447243
3.736152,94.694511
3.903746,94.188942
4.179079,93.91346
4.493917,94.147568
4.68665,94.664391
4.809951,95.010841
4.904522,94.361382
7.19697,79.022156
7.694964,93.492371
5.861006,100.307617
4.398149,101.130562
3.375824,108.931534
2.65517,114.186028
2.345121,112.420013
2.946065,110.251099
4.48434,110.80806
6.058527,108.293945
7.208941,105.361473
7.613562,103.812096
7.485472,103.643921
7.275979,104.183861
6.80911,104.097061
6.376956,105.819183
6.072893,108.112007
5.560534,109.800735
4.893748,113.101814
4.259285,114.242592
4.517859,107.745094
4.957195,102.882332
5.167884,101.77179
5.105635,102.672394
4.995502,102.216072
5.058948,99.272194
5.469554,97.255501
5.596447,96.459221
5.328296,97.582222
4.766856,98.716393
4.165911,102.184631
3.930082,103.528908
3.889381,105.509697
4.220978,105.540001
4.768053,106.040276
5.2852,104.059265
5.505467,97.618172
6.278794,108.958672
6.736086,113.74398
6.913258,112.367882
7.086837,111.232643
7.624335,114.730453
8.665813,113.720795
9.209297,110.946564
9.062054,107.180046
8.41083,103.126129
7.697359,99.830597
7.102399,97.508095
6.740875,96.969124
6.677429,98.02317
6.952762,100.493584
7.380127,103.290207
7.777564,105.455582
8.000225,106.892715
7.965509,107.875984
7.777564,108.760986
7.551312,109.550644
7.384915,109.629768
7.349002,108.488403
7.460332,106.509521
7.687782,103.927872
7.9691,102.206932
8.291121,101.600304
8.513782,101.728363
8.591593,101.594612
8.620323,100.996071
8.627506,100.059372
8.599973,98.8423
8.622718,97.981972
8.678981,97.875519
8.734048,98.147987
8.7951,98.768959
8.801085,99.430527
8.740033,99.596382
8.622718,99.478294
8.564059,99.607269
8.596381,100.066391
8.546103,100.452888
8.426393,100.913544
8.318654,101.407265
8.206126,101.792892
8.130709,101.96479
8.076839,102.117851
7.949947,102.317413
7.745243,102.800552
7.578846,103.40551
7.485472,104.641228
7.493851,106.158897
7.641095,106.927383
7.856573,106.959984
8.139089,108.060181
8.570045,110.675339
9.030929,112.924583
9.156625,113.296707
8.844181,111.77961
8.447941,109.950966
8.301894,109.189499
8.383297,109.315323
8.520964,108.0737
8.603564,106.70504
8.595184,105.503723
8.583213,104.426903
8.584411,104.102768
8.570045,104.134285
8.413225,104.142143
8.146272,104.462074
8.007407,105.277473
8.070854,106.037071
8.175002,106.139923
8.203732,106.274918
8.066066,106.572708
7.72968,107.517754
7.376535,109.476639
7.030573,111.961311
6.852205,114.127548
6.944382,115.502083
7.180211,115.124161
7.406463,114.192001
7.596802,113.617653
7.973889,113.512901
7.973889,113.512901
8.238448,111.149559
8.455123,109.527725
8.628703,107.981445
8.760384,107.03373
8.761581,106.914825
8.611943,107.397118
8.423999,108.130112
8.24204,108.989136
8.100781,109.529991
8.007407,109.981079
7.990648,110.295792
8.072051,110.964447
8.155849,111.791138
8.243237,112.735588
8.255207,112.403152
8.129512,111.417755
7.991845,111.914406
7.882909,113.266495
7.794323,114.372772
7.762002,115.349625
7.813477,115.512497
7.963115,114.811287
8.08881,113.633087
8.121132,112.59053
8.055291,112.280975
7.891289,112.747581
7.671022,113.491959
7.530962,114.092369
7.449559,114.245293
7.447165,114.205864
7.528567,113.740143
7.632715,113.002708
7.77517,112.073853
7.937976,112.303032
8.101978,112.039482
8.305486,111.567459
8.468291,110.954613
8.608353,110.332062
8.759187,109.254181
8.990228,108.528748
9.295488,108.785576
9.479841,109.044861
9.313444,107.436699
8.780735,104.030426
8.167819,100.813522
7.61835,100.35463
7.304709,102.287018
7.229292,108.656776
7.296329,109.072441
7.284359,109.542152
7.28795,109.762718
7.274782,109.45224
7.15986,109.294914
7.055712,109.065834
7.028179,109.331268
7.133524,110.02771
7.359776,110.422455
7.698555,110.271332
8.092402,109.60482
8.418014,108.563759
8.607155,106.949875
8.684967,104.816597
8.742428,103.058266
8.822633,102.21273
8.929175,101.861877
9.099164,99.726135
9.179369,99.277069
9.239224,99.945816
9.257181,102.071411
9.167398,103.286407
8.961497,104.364136
8.705317,105.837517
8.467094,106.359451
8.311471,105.816711
8.239645,106.173157
8.197746,107.480492
8.127118,108.265648
8.031349,108.162811
8.002619,107.845543
8.012196,107.229477
8.082825,105.850609
8.139089,104.775642
8.184579,104.316818
8.191761,104.274803
8.127118,104.235527
8.081628,104.290367
8.128315,104.28669
8.263587,103.872925
8.41083,103.246536
8.516175,102.304077
8.53892,101.257271
8.497022,99.493164
8.415619,99.327927
8.359355,99.233856
8.428787,98.904449
8.487445,97.735512
8.4647,96.495552
8.445546,96.020119
8.447941,95.787193
9.375694,86.103683
9.409213,107.393707
7.920019,109.03746
7.529764,104.85569
7.272388,108.493958
7.143101,105.655655
7.372944,103.281227
7.726089,100.279663
8.048109,98.673515
8.163031,99.951012
8.06008,101.979996
7.838616,102.373665
7.759608,101.797447
7.86615,100.385139
8.021772,98.858765
8.165425,98.550781
8.377312,101.80011
8.488642,103.992676
8.321048,103.088699
8.057686,101.571671
8.285135,101.488472
8.486248,105.24353
8.785523,106.471542
9.242816,105.026199
9.751583,102.998123
9.736021,103.578735
7.973889,106.059189
6.204574,110.871552
5.46716,113.069427
5.865794,112.337975
6.9372,111.435417
8.219295,109.417336
8.246828,108.731636
8.032547,107.975616
7.712921,107.073311
7.260417,106.826782
7.214927,108.663948
7.424419,109.955551
7.661446,110.305519
7.545327,110.95224
7.314286,110.191338
7.186196,109.070145
7.319075,108.376274
7.410054,108.343758
7.48188,109.077324
7.459136,109.864655
7.408857,109.712837
7.323863,109.662804
7.226898,109.407745
7.183802,109.121216
7.320271,109.485893
7.398083,109.783379
7.393295,110.224976
7.286753,110.840523
7.260417,110.531227
7.332242,110.257149
7.323863,109.828377
7.186196,110.125122
7.207744,110.97995
7.33344,111.49173
7.50702,112.362984
7.615956,111.566925
7.637504,109.564522
7.539341,108.755074
7.483078,108.875114
7.577648,109.314453
7.588422,110.209663
7.469909,111.086052
7.487866,107.637222
7.631518,105.891792
7.796718,104.494873
7.916428,104.131279
7.819463,105.439766
7.649475,106.92099
7.582437,107.645981
7.544129,108.579155
7.442376,109.033859
7.466318,109.608269
7.49026,109.64077
7.45315,108.463982
7.449559,108.551392
7.307104,109.771187
7.088034,110.657318
7.072472,110.274887
6.669049,107.307457
7.132327,109.300629
7.588422,109.791489
8.036138,108.800858
8.271967,103.099899
8.537724,98.475624
8.140285,93.588737
7.285556,89.431152
6.550536,90.563705
6.323087,94.52346
6.578069,97.217682
6.989872,97.522202
7.264008,95.52858
7.062895,95.183342
6.708553,99.825439
6.888118,104.380905
6.807912,104.935623
6.566098,100.01722
7.265205,104.440079
6.55293,112.733437
5.81791,115.485817
5.2852,110.09716
5.176264,103.576492
5.717354,99.730667
6.593631,98.799484
7.310695,98.760353
7.583634,98.518394
7.513005,98.703552
7.359776,99.333199
7.254431,99.973389
7.21373,100.163071
7.256825,99.869202
7.356185,99.679169
7.457938,99.751015
7.456741,100.142776
7.32506,100.616325
7.137115,101.099564
6.981492,101.705925
6.877345,102.377014
6.847417,103.093056
6.853402,103.43576
6.840234,103.329826
6.828263,103.060623
6.845023,102.641251
6.89171,101.936745
6.953959,101.20327
7.028179,100.590225
7.100005,100.414551
7.127539,100.724144
7.096414,100.869621
7.04853,100.709816
7.019799,100.307304
7.022193,99.725433
7.074866,99.93763
7.188591,100.193062
7.137115,100.981461
7.052121,101.745399
6.914454,101.699432
6.806715,101.042702
6.845023,100.181412
6.982689,99.669228
7.117962,99.507568
7.231686,99.336021
7.229292,99.336899
7.199365,99.569054
7.156269,99.577461
7.141904,99.744492
7.183802,100.252945
7.20535,100.372536
7.217321,100.271942
7.186196,100.615334
7.123947,101.158607
7.006631,101.39196
6.974309,102.136696
6.836643,101.45121
6.87495,101.576363
6.974309,101.219292
7.018602,100.583092
7.001843,99.987503
7.041347,100.042297
7.000646,99.567406
6.987478,99.480484
6.977901,99.346237
7.028179,99.085098
7.107188,98.952415
7.15986,98.759201
7.219715,98.676239
7.23408,98.053551
7.236475,96.829407
7.274782,95.983414
7.320271,95.748116
7.36217,95.826508
7.375339,95.924629
7.349002,95.857025
7.27957,95.654999
7.195773,94.762222
7.150283,94.790779
7.150283,95.251205
7.17662,95.95739
7.198167,96.468895
7.171831,96.752808
7.145495,97.352158
7.138312,97.166283
7.126341,96.957184
7.138312,96.6744
7.21373,95.956703
7.328651,95.649315
7.447165,95.872574
7.475895,96.327171
7.433996,97.538857
7.253234,98.152138
7.111976,98.399155
7.109582,97.898796
7.190985,96.884575
7.329848,96.083298
7.468712,95.788109
7.497443,95.78891
7.456741,95.946579
7.438785,96.300316
7.493851,96.242149
7.523779,95.837296
7.513005,95.238274
7.530962,94.979767
7.569269,94.601921
7.5561,94.342041
7.53575,94.49041
7.468712,94.682991
7.372944,95.053093
7.286753,95.348915
7.24246,95.345924
7.230489,94.939651
7.212533,95.137817
7.25084,95.430847
7.291541,95.658241
7.317877,95.547928
7.366959,95.619408
7.400477,95.851967
7.344213,95.027008
7.305906,94.18811
7.366959,93.906258
7.449559,93.380554
7.510611,92.715073
7.589619,92.989143
7.643489,93.603119
7.650671,93.904381
7.526173,93.50753
7.417237,93.136711
7.339425,92.992645
7.268796,93.033897
7.310695,93.442291
7.508216,93.971375
7.508216,93.971375
7.473501,94.022507
7.438785,94.108109
7.435194,93.526321
7.468712,93.158844
7.478289,92.80117
7.456741,92.591507
7.447165,92.912888
7.443573,93.952942
7.335834,94.858459
7.164649,95.109947
7.104794,94.440094
7.208941,93.444725
7.354988,92.704384
7.417237,92.728165
7.382521,93.254852
7.274782,93.64209
7.240066,94.003868
7.275979,94.100632
7.351396,93.723534
7.455544,93.620636
7.526173,93.833878
7.548918,94.008713
7.515399,94.002106
7.499837,94.300049
7.472303,94.607941
7.466318,94.243195
7.518991,93.784073
7.588422,93.792114
7.601591,93.753853
7.635109,94.332886
7.522582,93.950996
7.517793,94.253616
7.538144,93.92955
7.584831,93.403954
7.61835,93.700569
7.617153,93.762192
7.657854,93.519356
7.625533,94.044121
7.479486,94.810745
7.351396,94.98333
7.375339,94.842575
7.483078,93.924858
7.588422,93.293091
7.587225,93.19812
7.526173,93.62822
7.449559,94.405495
7.420828,95.082153
7.443573,94.699669
7.462727,93.857834
7.597999,94.205704
7.643489,94.72567
7.583634,95.06591
7.492654,94.985001
7.459136,94.544876
7.523779,94.236015
7.657854,94.014442
7.68419,94.101166
7.64708,94.273598
7.620744,94.518913
7.593211,94.669334
7.548918,94.759552
7.529764,94.669022
7.526173,94.581917
7.554904,94.530197
7.611167,94.464417
7.667431,94.357491
7.654263,94.600822
7.620744,95.140625
7.576451,95.129326
7.601591,94.937607
7.671022,95.122612
7.697359,95.04248
7.667431,94.838654
7.61835,94.959251
7.565677,95.284302
7.526173,95.471001
7.539341,95.36882
7.612364,95.176483
7.668628,94.815224
7.698555,94.306534
7.68419,93.924294
7.666234,93.769424
7.672219,93.862564
7.681796,94.053375
7.679402,94.351547
7.673417,94.960663
7.611167,95.364342
7.582437,95.396347
7.600393,95.370148
7.61835,94.93631
7.674613,94.418587
7.714118,94.799576
7.698555,95.35511
7.64708,95.433968
7.596802,95.372124
7.597999,95.205551
7.674613,95.031639
7.748834,94.53038
7.807492,94.065674
7.77517,94.480194
7.735666,94.805054
7.690176,94.974594
7.688979,94.911385
7.739257,95.009613
7.790732,94.947144
7.788338,94.578842
7.754819,94.564842
7.721301,94.789772
7.70933,94.934418
7.703344,95.165314
7.705738,95.233856
7.698555,95.286507
7.693767,94.944923
7.708132,94.596146
7.714118,94.619362
7.693767,94.655785
7.704541,94.786697
7.730877,95.068047
7.739257,94.898201
7.752425,94.705772
7.750031,94.776962
7.710526,94.981445
7.677008,94.854836
7.697359,94.937927
7.733272,95.247452
7.747637,95.546143
7.72968,95.671051
7.710526,95.601547
7.673417,95.162636
7.697359,94.87236
7.78355,94.614571
7.841011,94.236298
7.849391,93.856934
7.817069,93.847298
7.778761,93.986847
7.721301,94.311562
7.691373,94.539543
7.678205,94.656013
7.694964,94.945007
7.675811,94.94648
7.688979,94.622742
7.728483,94.583923
7.751228,94.842674
7.747637,95.327721
7.733272,95.400879
7.720103,95.292229
7.711724,95.285812
7.685388,94.683189
7.784747,94.11483
7.851785,93.699142
7.860164,93.720795
7.75841,94.855133
7.698555,95.048782
7.691373,94.825737
7.723695,94.327972
7.799112,94.193588
7.870938,94.605934
7.874529,95.269737
7.790732,95.639877
7.642292,94.945183
7.599196,94.798203
7.641095,95.106796
7.705738,95.256279
7.78355,95.276207
7.817069,95.059952
7.817069,94.778275
7.778761,94.462204
7.741651,94.545853
7.72968,94.488091
7.744045,94.570763
7.782352,94.708839
7.81228,95.202911
7.831434,95.362221
7.848193,95.079216
7.872135,94.347977
7.856573,93.780586
7.848193,93.331558
7.836222,93.682465
7.815871,94.088249
7.815871,94.261467
7.791929,94.021889
7.791929,93.023132
7.862558,92.078613
7.945158,90.689018
8.237251,89.92469
8.483853,87.772514
8.740033,86.752014
8.792706,86.57579
8.572439,84.99231
8.400057,85.125702
8.482656,85.460655
8.798691,81.610237
9.539697,82.054459
9.970653,77.963699
10.168175,75.810219
10.001778,79.375092
10.477027,83.382065
11.204864,83.273361
12.950237,86.273819
14.273033,92.308952
14.385561,85.330856
14.630966,91.119286
14.686033,104.1343
15.804126,112.845688
16.778566,109.356041
18.418594,101.120361
22.011093,100.809631
25.694572,114.729469
26.776752,121.852982
25.463531,117.845688
23.926455,116.857292
24.90329,112.396523
25.001451,94.366776
25.037365,92.850716
25.036167,100.098274
25.578453,99.482376
26.054899,102.928909
27.286716,110.275307
28.301859,110.514038
22.149958,102.763588
15.313314,114.405647
6.665458,113.154121
-7.183802,109.684204
-24.669855,105.426437
-36.753391,83.833015
-39.163155,67.753304
-37.268143,60.070652
-32.731133,67.798798
-20.969616,98.932388
-7.298724,136.355118
3.435679,159.957687
12.759898,125.667053
21.001938,109.87735
26.754007,98.925903
24.617182,81.485275
17.706318,59.105976
11.251551,39.628571
6.762423,29.717962
4.969166,32.841335
6.527791,40.381077
7.061698,42.776836
6.240487,43.977703
5.899313,55.304806
6.293159,73.428535
7.049727,81.53521
7.867347,82.622765
8.354567,78.780739
7.502231,73.521255
6.860585,69.190079
6.554127,65.467331
6.797139,63.781265
7.269993,65.206566
7.462727,66.795036
7.3083,67.086334
7.229292,67.330933
7.289147,70.565865
7.329848,73.919708
7.174225,75.807236
6.86657,78.827744
6.464345,81.844635
6.051345,85.146049
5.697003,89.794304
5.637148,93.202599
6.198588,96.571266
7.15986,98.045067
8.185776,95.205505
8.588001,90.912132
8.384495,88.627121
7.891289,88.460487
8.196549,90.429871
9.797073,94.159065
11.528081,94.942757
12.747927,92.099731
12.791022,87.369095
11.482592,84.953262
9.830592,86.83242
9.041702,90.219803
9.624691,95.887642
10.918756,99.069984
12.078748,98.342102
12.349293,94.524712
11.167754,90.750664
9.339781,90.965187
7.845799,92.906494
7.802703,98.433228
9.082404,102.488472
10.568007,101.900032
11.828553,98.710663
12.154165,94.828712
11.298238,92.893585
9.783905,92.654205
8.39886,93.180695
7.70095,96.111473
7.72968,100.20134
8.148665,100.142982
8.553286,97.22126
8.214506,94.642265
7.656657,92.884315
7.091625,91.748299
6.944382,93.899391
7.254431,97.234756
7.772776,98.856087
8.295909,98.871544
8.528147,99.580467
8.066066,100.932297
7.206547,104.072067
6.35062,106.856544
5.996278,108.157372
6.212954,108.497787
6.75524,106.405998
7.429208,102.44696
8.678981,96.24929
8.816648,94.394775
8.541314,93.807884
8.00621,93.998367
7.45315,95.290031
6.955156,96.771706
6.442797,98.940826
5.950788,100.935577
5.584476,103.224617
5.319916,104.21904
5.131971,104.266228
4.994305,104.043335
4.811148,102.763443
4.873397,102.437897
4.965574,101.55584
5.094861,99.797173
5.281609,98.412109
5.456386,97.349937
5.613206,98.076584
5.649119,99.139069
5.622783,100.735855
5.637148,102.464081
5.747281,103.498718
5.929241,103.385597
6.198588,102.490776
6.484695,101.265427
6.767211,100.309547
6.953959,99.532181
6.932411,98.80957
6.78397,97.818314
6.612785,96.691124
6.409278,96.95507
5.877765,99.026848
5.777209,101.078339
5.905299,102.360466
6.295553,102.911011
6.900089,103.075264
7.693767,103.530479
8.482656,103.987411
9.126697,104.555328
9.348161,104.823448
8.625112,104.284744
7.35379,102.231293
6.179435,98.455246
5.446809,94.515121
5.486313,85.363731
6.113594,79.657372
6.325481,85.165985
6.16507,90.402145
6.087258,99.368614
6.104017,105.785744
6.221333,110.368988
6.448782,111.928825
6.687006,111.422638
6.815095,109.772659
6.873753,107.480835
6.969521,105.3013
7.052121,102.42511
7.119159,100.387398
6.993463,100.529915
6.902483,106.136894
6.623559,105.429596
6.211756,100.103729
6.476315,102.690742
6.447585,100.518333
6.669049,101.509796
6.630742,101.071655
6.454768,101.843323
6.203377,100.199356
6.493075,100.107269
7.837419,103.449623
7.369353,106.434135
5.673061,107.349266
4.614824,106.324959
4.778827,100.277565
5.428853,93.601082
6.087258,92.797279
6.475119,94.76017
6.793547,100.170906
6.793547,100.170906
6.63553,103.819824
6.447585,105.391045
6.447585,106.283585
6.23091,107.196342
6.343437,106.746071
6.362591,105.116737
6.359,103.909286
6.360197,103.381996
6.306327,102.863724
6.293159,102.578163
6.295553,103.337547
6.25964,102.421677
6.287174,100.871223
6.384139,99.90744
6.460753,99.556145
6.481104,100.186043
6.429629,101.313187
6.318298,102.219574
6.204574,102.963013
6.162675,103.764923
6.121974,103.875923
6.18542,103.597832
6.293159,103.611641
6.291962,103.415665
6.221333,102.494736
6.173449,102.457802
6.093243,102.57267
6.119579,102.648972
6.178237,102.730995
6.31351,102.078026
6.56131,101.908524
6.68102,101.30764
6.706159,100.938683
6.671443,101.364403
6.624756,101.031548
6.719327,101.011864
6.600814,93.872459
6.245275,101.171051
8.256405,108.47702
7.432799,109.533524
7.44477,103.093224
7.936779,94.481346
8.48146,88.615105
8.925584,85.385185
9.135077,83.070564
8.92319,78.442215
8.713697,81.704514
8.698134,88.601662
8.615535,93.145943
8.396465,95.177246
7.839813,94.031494
8.140285,90.539856
8.516175,91.358032
8.429984,91.960411
8.171411,91.814186
8.325836,89.590317
7.981071,95.805038
6.99466,94.128639
7.070077,95.31752
7.781156,95.545326
8.080431,93.690468
7.961918,92.043709
7.906851,91.769188
8.030152,91.67791
8.177396,91.25666
8.210915,90.811867
8.221688,90.459091
8.293514,90.504814
8.389283,90.664085
8.416816,90.669037
8.37013,90.705963
8.239645,90.899132
8.188169,91.072861
8.237251,91.17881
8.298303,91.217003
8.277952,91.293373
8.24563,91.268829
8.243237,91.315315
8.207323,91.59008
8.148665,91.853905
8.154651,91.832245
8.218098,91.693779
8.286332,91.498322
8.298303,91.423424
8.231265,91.298615
8.197746,90.933495
8.261193,90.974129
8.304289,91.216866
8.26239,91.172546
8.239645,91.320389
8.282741,91.122581
8.327033,90.910065
8.289924,90.79657
8.213309,90.648087
8.141483,91.187363
8.141483,91.187363
8.170214,90.937683
8.259995,91.032379
8.248025,90.56176
8.231265,90.540924
8.153454,91.19532
8.153454,90.944237
8.196549,90.961441
8.226477,90.905243
8.22528,90.487747
8.213309,90.459908
8.175002,90.915894
8.117541,91.401016
8.146272,91.326927
8.218098,90.921478
8.228871,90.584831
8.218098,90.779007
8.172607,91.171501
8.15106,91.299515
8.164227,91.158928
8.201338,90.96357
8.202535,90.307098
8.209718,90.320297
8.201338,90.79319
8.178593,90.752174
8.200141,90.819717
8.196549,90.794258
8.186973,90.468079
8.221688,90.375824
8.279149,90.456139
8.282741,90.614738
8.234857,90.652901
8.202535,90.522995
8.175002,90.594513
8.182184,90.82473
8.189367,90.809174
8.226477,90.856163
8.250419,90.542252
8.206126,90.174706
8.185776,90.349731
8.17979,90.726501
8.218098,91.048248
8.243237,91.393494
8.197746,91.095367
8.172607,90.888649
8.220491,90.869354
8.257602,90.956818
8.275558,90.728287
8.279149,90.61795
8.226477,90.930023
8.232463,91.056519
8.234857,91.047981
8.22528,90.970909
8.221688,90.978195
8.220491,90.873436
8.222886,90.803246
8.236053,90.640739
8.261193,90.921936
8.215703,91.040138
8.172607,90.954689
8.191761,91.120163
8.202535,90.951485
8.244433,90.73172
8.301894,90.629372
8.310274,90.587189
8.268375,90.631241
8.267179,90.874428
8.248025,91.074501
8.244433,90.796753
8.263587,90.746902
8.282741,90.61187
8.2995,90.804855
8.2995,90.901146
8.286332,90.948967
8.295909,91.162468
8.263587,91.350189
8.227674,91.029434
8.250419,90.880386
8.301894,91.021576
8.294712,91.0224
8.257602,90.933846
8.227674,91.286842
8.203732,91.402969
8.239645,91.357971
8.331821,90.88134
8.339005,90.989227
8.283937,91.195839
8.234857,91.467606
8.232463,91.280853
8.283937,91.094597
8.333019,91.145386
8.380903,91.153206
8.403648,91.025032
8.343793,90.930832
8.275558,90.693848
8.273164,91.079048
8.294712,91.07592
8.360553,90.956062
8.449138,90.876144
8.407239,91.019356
8.336611,90.757462
8.271967,90.784325
8.27077,90.867355
8.313866,91.12722
8.276755,91.2024
8.243237,90.996384
8.234857,91.193268
8.236053,91.290184
8.228871,91.266663
8.238448,91.70253
8.240842,91.862152
8.231265,91.609077
8.24204,91.352654
8.250419,90.987907
8.274361,91.068291
8.313866,91.323647
8.333019,91.452141
8.350976,91.21566
8.403648,91.076981
8.433576,91.299591
8.397662,91.329842
8.39886,90.953072
8.421604,90.6689
8.39886,90.60849
8.342596,90.884529
8.339005,90.898216
8.371326,90.911133
8.368932,90.966652
8.310274,91.217461
8.280347,91.455231
8.255207,91.868736
8.200141,91.939308
8.207323,91.799789
8.295909,91.44883
8.366538,91.251862
8.367735,90.911873
8.318654,90.978485
8.307879,91.133049
8.297106,90.808403
8.335413,90.402824
8.401254,90.399948
8.39886,90.509125
8.383297,90.833275
8.352173,90.960487
8.316259,90.999176
8.303091,91.362114
8.315063,91.292259
8.330625,91.076279
8.328231,91.028763
8.287529,91.068764
8.258799,91.21698
8.255207,91.648743
8.195353,92.025742
8.153454,91.917511
8.196549,91.867477
8.248025,91.586037
8.288726,91.053101
8.311471,91.399857
8.271967,91.632286
8.228871,91.86319
8.220491,91.891609
8.283937,91.428185
8.366538,91.008865
8.401254,90.860291
8.383297,90.945221
8.2995,91.114311
8.243237,91.164665
8.23366,91.054413
8.25401,91.19854
8.286332,91.205467
8.319851,91.421303
8.301894,91.472061
8.275558,91.420464
8.269572,91.395172
8.282741,91.082108
8.271967,90.827415
8.263587,90.699471
8.267179,91.399101
8.200141,92.171349
8.165425,92.501358
8.201338,92.29866
8.275558,92.002571
8.289924,91.398331
8.312668,91.305214
8.321048,91.711044
8.306683,91.812309
8.274361,91.724304
8.26239,91.82605
8.287529,91.384003
8.37372,91.216202
8.407239,91.360924
8.409634,91.665932
8.365341,91.937851
8.336611,92.174034
8.347384,92.085854
8.420407,90.925293
8.492233,91.069183
8.420407,91.106125
8.333019,91.158768
8.306683,91.418243
8.34499,91.54847
8.358158,91.674309
8.365341,91.362373
8.396465,91.260345
8.394072,91.419487
8.346188,91.828575
8.267179,92.026733
8.230068,92.008423
8.311471,91.853134
8.414422,91.77784
8.441956,91.683563
8.416816,91.616013
8.376115,91.755264
8.366538,91.721901
8.354567,91.827011
8.346188,91.582207
8.368932,91.390778
8.397662,91.226402
8.372523,91.207207
8.383297,91.611656
8.358158,91.876015
8.367735,91.793526
8.401254,91.412148
8.441956,91.599388
8.337808,91.653252
8.305486,91.570534
8.367735,91.581482
8.394072,91.349197
8.376115,91.13485
8.323442,91.434029
8.288726,91.64724
8.331821,91.865616
8.342596,91.83419
8.34499,91.843376
8.303091,91.504463
8.328231,91.131981
8.354567,91.119911
8.322245,90.913452
8.316259,91.23291
8.311471,91.534431
8.337808,91.340714
8.355764,91.553879
8.355764,91.553879
8.312668,91.295815
8.321048,91.331581
8.342596,91.114174
8.371326,91.13884
8.39886,91.352051
8.367735,91.446938
8.335413,91.464729
8.310274,91.466484
8.300697,91.546745
8.343793,91.325523
8.3821,91.0755
8.414422,91.166832
8.37372,91.150192
8.346188,91.264397
8.321048,91.537933
8.283937,91.752144
8.275558,91.892281
8.315063,91.845963
8.364143,91.805534
8.347384,91.262772
8.367735,91.071327
8.360553,91.344238
8.317456,91.350563
8.350976,91.255569
8.380903,90.772346
8.397662,90.376404
8.457518,89.531036
8.579621,88.057747
8.711303,87.506828
8.701726,87.302338
8.734048,88.724525
8.783129,88.218819
9.040505,87.117195
9.465476,85.257126
9.817424,83.906815
9.818622,82.176956
9.992201,82.406845
10.583569,85.869987
11.289858,90.131607
12.592304,92.567635
12.411542,114.479134
9.964667,88.215096
11.280281,69.526573
13.663709,91.410072
14.05157,100.982574
14.398729,102.68026
17.762583,99.679169
22.664711,99.748039
27.342981,108.147972
26.139894,97.940331
28.061241,106.37426
28.590359,110.215118
27.327417,102.783798
25.960329,95.935547
24.756046,101.861961
23.93244,106.703697
23.452402,107.209229
23.089682,113.069839
23.457191,116.918419
22.906525,114.180389
16.962919,98.903107
11.280281,111.342621
2.86586,111.052315
-13.089101,107.989761
-31.380802,92.590454
-38.759731,76.790329
-37.938519,76.037415
-33.676842,70.508423
-30.190884,60.289497
-22.760479,66.077194
-12.943054,107.387604
-4.454412,151.799545
2.070984,162.210815
7.744045,136.482788
14.31134,125.310204
21.371841,115.037903
25.937584,103.457916
25.371355,86.787315
22.431276,72.631058
18.975246,66.177483
15.130157,63.977146
12.030864,62.031193
10.848128,60.295036
11.241974,60.284653
11.86327,62.216953
12.206838,66.487167
12.021287,70.40435
11.295844,72.963547
10.465055,76.248161
9.842564,80.911118
9.607931,85.688988
9.776723,91.590454
9.882068,94.508682
9.734824,93.569443
9.344569,91.188316
8.875306,89.204391
8.492233,88.258492
8.292317,88.94693
8.479065,91.318558
8.942344,91.584068
9.415198,90.463173
9.722853,88.232063
9.78989,85.975082
9.634268,85.124611
9.306262,86.091034
8.920795,87.934753
8.577228,89.313835
8.362947,89.386833
8.248025,88.292915
8.176199,86.569054
8.070854,85.24791
7.861362,84.90696
7.576451,84.913132
7.411252,85.476479
7.477092,86.27478
7.819463,87.068062
8.250419,86.155251
8.536526,85.397903
8.39886,86.127823
7.851785,88.098236
7.237672,91.00029
6.787562,91.04274
6.964733,93.434814
7.736863,94.5952
8.793902,94.011292
9.853337,91.857986
10.378864,88.877724
10.25676,86.448761
9.574412,85.260674
8.743625,85.240326
8.289924,87.927864
8.321048,90.973999
8.714894,92.846085
9.108741,94.042397
8.935161,93.631714
8.172607,94.18026
7.25084,95.058174
6.66426,94.724693
6.776788,96.380959
7.304709,97.377075
7.848193,95.958946
8.11395,93.604942
7.930793,92.336937
7.450756,94.369087
6.909666,98.098579
6.467936,99.141678
6.496666,99.0569
7.062895,97.458702
9.131485,92.231224
9.603143,89.507782
9.033323,87.872612
7.484274,88.407646
5.798757,88.736824
4.353856,91.870834
3.463213,93.263916
3.205836,91.697655
2.567781,96.180321
1.750161,101.61396
0.84635,104.196709
0.885855,105.184875
2.906561,98.207954
6.578069,87.179756
10.356119,82.560349
12.694057,79.126595
12.51569,75.019005
10.418368,73.476624
7.615956,76.524651
4.770447,84.220222
2.373851,93.441589
0.744597,100.672066
-0.143652,102.145164
-0.37589,100.967453
-0.132878,100.46965
0.373495,100.982796
1.024718,100.831627
1.632846,99.936981
2.317587,99.258957
2.801216,97.619682
3.0969,95.988457
3.247735,94.905647
3.203442,95.334366
3.056198,96.595512
3.044227,98.085304
3.147178,98.679047
3.41892,98.145508
3.770868,96.203377
4.103662,93.40107
4.369418,91.858032
4.501099,92.663185
4.416105,93.957443
4.309563,94.952049
4.305972,95.702896
4.38498,96.217987
4.398149,95.539169
4.294001,94.848419
4.185065,95.476364
4.10845,98.124672
4.331111,99.273033
4.481946,99.657547
4.520253,98.196854
4.623203,98.696976
4.845864,99.759712
5.145139,100.632553
5.448006,101.381584
5.600038,101.194084
5.555745,100.773621
5.38456,100.953743
5.292383,100.993469
5.425261,100.149597
5.821501,99.182571
6.245275,97.180954
6.607996,95.323814
6.756437,94.006027
6.64391,93.396599
6.397307,93.928345
6.121974,94.982498
5.90051,96.074524
5.840655,97.233185
5.845443,97.966988
5.833472,97.637276
5.796362,97.221214
5.755661,97.26226
5.713762,97.480644
5.622783,98.191925
5.560534,99.580818
5.451597,100.913399
5.434838,102.365585
5.448006,103.159706
5.531803,102.659485
5.700594,101.536331
5.821501,100.544983
5.822699,100.167221
5.777209,100.707405
5.728127,101.613869
5.710171,102.43869
5.7808,102.595848
5.946,101.535095
6.233304,99.74691
6.48709,97.884377
6.588843,96.319786
6.488286,96.178169
6.633136,94.59227
6.873753,96.616821
5.819107,106.614487
4.734534,101.178642
5.56173,99.763847
6.505046,96.119804
6.795941,95.179832
6.750452,95.321571
6.453571,96.478096
6.089652,97.372772
5.880159,99.074341
5.74369,100.820175
5.760449,102.023674
5.947197,102.134666
6.132748,100.967735
6.234501,99.821152
6.126762,97.940598
5.841852,98.602242
5.388151,98.522484
5.177461,98.55204
5.187038,98.538498
5.29358,98.341515
5.418078,97.051407
5.566519,96.639664
5.718551,96.567932
5.580884,96.489349
6.402095,100.036713
6.915652,102.044952
5.584476,103.423454
4.016273,103.198082
4.298789,99.779343
5.11162,95.845863
5.465962,92.919792
5.740098,91.724243
6.071695,91.145233
6.234501,90.907059
6.197391,90.648994
5.928043,91.175758
5.485116,92.952164
5.179855,96.391991
5.026627,99.685303
5.049371,101.790665
5.233725,102.211121
5.419276,100.32972
5.679047,97.12429
5.841852,94.730858
5.925649,93.193459
5.905299,93.580238
5.774815,95.455582
5.638345,96.83786
5.609614,96.899048
5.70658,95.808167
5.711368,94.814957
5.571307,95.550415
5.554548,95.822762
5.695806,95.830086
5.956774,95.919312
6.105214,96.782761
6.007052,97.059128
5.835866,96.73587
5.738902,96.463043
5.82629,96.669724
5.929241,96.515022
5.839458,96.18924
5.770026,95.740273
5.825093,95.616806
5.914876,95.138573
6.008249,94.919044
6.027403,95.408058
5.907693,95.8507
5.765238,95.871162
5.726931,95.312088
5.822699,94.944901
5.859808,93.435204
5.697003,91.069069
5.357026,96.813637